{
    "attributes": {
        "description": "Recorded Future indicators ingested by the threat intel Filebeat module.",
        "state": {
            "datasourceStates": {
                "indexpattern": {
                    "layers": {
                        "27155b23-ab24-4f18-b7dd-159f339e5e9b": {
                            "columnOrder": [
                                "7a45df79-3fa9-480a-95f4-7f287a386b7d"
                            ],
                            "columns": {
                                "7a45df79-3fa9-480a-95f4-7f287a386b7d": {
                                    "customLabel": true,
                                    "dataType": "number",
                                    "isBucketed": false,
                                    "label": "Recorded Future Indicators",
                                    "operationType": "count",
                                    "scale": "ratio",
                                    "sourceField": "Records"
                                }
                            },
                            "incompleteColumns": {}
                        }
                    }
                }
            },
            "filters": [],
            "query": {
                "language": "kuery",
                "query": "event.dataset:\"threatintel.recordedfuture\" "
            },
            "visualization": {
                "accessor": "7a45df79-3fa9-480a-95f4-7f287a386b7d",
                "layerId": "27155b23-ab24-4f18-b7dd-159f339e5e9b"
            }
        },
        "title": "Recorded Future Indicators [Filebeat Threat Intel]",
        "visualizationType": "lnsMetric"
    },
    "coreMigrationVersion": "8.0.0",
    "id": "176bf800-df58-11eb-8f2b-753caedf727d",
    "migrationVersion": {
        "lens": "7.13.1"
    },
    "references": [
        {
            "id": "filebeat-*",
            "name": "indexpattern-datasource-current-indexpattern",
            "type": "index-pattern"
        },
        {
            "id": "filebeat-*",
            "name": "indexpattern-datasource-layer-27155b23-ab24-4f18-b7dd-159f339e5e9b",
            "type": "index-pattern"
        },
        {
            "id": "d6ef8f20-70a9-11eb-a3e3-b3cc7c78a70f",
            "name": "tag-ref-d6ef8f20-70a9-11eb-a3e3-b3cc7c78a70f",
            "type": "tag"
        }
    ],
    "type": "lens",
    "updated_at": "2021-08-04T16:34:33.127Z",
    "version": "WzQ2NjQsMV0="
}